Email,Original y,Predicted y
xih4rjij@esprit.com,A,A
moenes.zribi@esprit.tn,N,N
it5rytsz@esprit.com,N,N
w01qcz81@esprit.com,N,A
19wois4s@esprit.com,A,A
3tdnm292@esprit.com,N,N
g6o2qwnc@esprit.com,N,N
2f57mg1p@esprit.com,N,N
ofirwqf8@esprit.com,A,A
vq856z6i@esprit.com,N,N
z9jsrggm@esprit.com,A,N
vcgw80oz@esprit.com,N,N
2jfowadj@esprit.com,N,N
imez796u@esprit.com,N,N
klmcfv44@esprit.com,N,N
ld080c61@esprit.com,N,N
f9hxr95z@esprit.com,N,A
e19errfd@esprit.com,A,A
lo85n5sy@esprit.com,N,N
2od51wpc@esprit.com,N,A
h7xe98yc@esprit.com,N,N
215ihgv6@esprit.com,N,N
8xm4bt1m@esprit.com,N,A
q7wqhhnm@esprit.com,A,N
rhwl6myk@esprit.com,A,N
u2x7jw5b@esprit.com,A,A
8x0zjca4@esprit.com,A,A
q1mh08rs@esprit.com,N,N
1oyk7i50@esprit.com,A,A
ftamgjdy@esprit.com,A,A
p1na2slc@esprit.com,N,N
b3483vos@esprit.com,N,N
sgjeecw9@esprit.com,N,N
1buxhj8w@esprit.com,N,N
1l0rvwhv@esprit.com,A,A
a3plx8se@esprit.com,N,A
3jwxiveo@esprit.com,N,N
90ttr2o4@esprit.com,A,A
1co41c73@esprit.com,N,N
1oi7519z@esprit.com,N,N
zamicjeb@esprit.com,A,A
ur54zrqo@esprit.com,N,A
2jvapri7@esprit.com,A,N
njt8iums@esprit.com,N,N
zkhxikne@esprit.com,A,A
ennk5xj4@esprit.com,N,A
kpqiw6ib@esprit.com,N,A
7l89retf@esprit.com,N,N
gg8o2y5s@esprit.com,A,A
bgeiusew@esprit.com,A,A
pcxeyrkz@esprit.com,N,N
w7gr5wbx@esprit.com,N,N
hsu9klth@esprit.com,N,A
0jjeurnq@esprit.com,A,A
5mk3livo@esprit.com,A,N
8wd5rq5f@esprit.com,A,A
1w0nl3n3@esprit.com,A,A
bt405rg3@esprit.com,N,N
mfsm0m7o@esprit.com,N,N
q4gdumr8@esprit.com,N,A
lqsqr8cn@esprit.com,N,N
47wljy3v@esprit.com,N,N
zv96shxh@esprit.com,A,A
b1r64et3@esprit.com,N,A
v1t335dy@esprit.com,N,N
rxf19gpv@esprit.com,A,A
rcayryrw@esprit.com,N,N
hmzsxzvc@esprit.com,N,N
cmxz92zm@esprit.com,N,N
uqseh9l5@esprit.com,A,A
dghf9z0u@esprit.com,N,N
9flp61t0@esprit.com,N,N
hd38fi6g@esprit.com,N,A
wck14y4g@esprit.com,N,N
a58hrg70@esprit.com,A,A
i4xfwobe@esprit.com,A,A
twlz7unj@esprit.com,N,N
c8pgsaf1@esprit.com,A,A
rlamcy34@esprit.com,N,N
60dvnbt0@esprit.com,N,N
5z92aio3@esprit.com,A,A
1yq9m6ex@esprit.com,N,N
lcfrs369@esprit.com,N,N
blk330p7@esprit.com,N,N
x1cv6d5r@esprit.com,N,A
6ligiwbm@esprit.com,N,N
509apqda@esprit.com,A,A
31j1h7yh@esprit.com,N,N
nw4sog16@esprit.com,N,N
6vwwq9lk@esprit.com,N,N
0cajnaqf@esprit.com,A,A
57qsqbkl@esprit.com,N,N
guhur5nf@esprit.com,N,N
tnumrc7v@esprit.com,N,A
zg3klr0g@esprit.com,A,A
r1xpuy0p@esprit.com,A,A
hcb4wl35@esprit.com,A,A
6hxb5h6h@esprit.com,A,A
myicrtbs@esprit.com,A,A
of240j3f@esprit.com,N,N
wjlg7804@esprit.com,N,N
akcdfu3g@esprit.com,N,N
r1nz5bec@esprit.com,N,N
qgqgz6l7@esprit.com,N,A
neltakqv@esprit.com,A,A
gzbwqm3h@esprit.com,N,A
057k699n@esprit.com,A,A
m1rc82qz@esprit.com,A,A
fdbqox46@esprit.com,N,N
fa257mzs@esprit.com,A,A
k8alkgk7@esprit.com,A,A
zc6tdv8c@esprit.com,A,A
bsaxm88v@esprit.com,A,A
ikjse22n@esprit.com,N,N
eio6hny5@esprit.com,A,N
0uh4jj5k@esprit.com,N,N
q15c4lmb@esprit.com,A,A
7tbc0m49@esprit.com,N,N
mhgotw7y@esprit.com,A,A
6njd5fab@esprit.com,N,N
qluvmz8s@esprit.com,A,N
nifoqdfa@esprit.com,N,N
pgkf2pzh@esprit.com,A,A
31otddsy@esprit.com,N,N
j4a2d6ye@esprit.com,A,A
pp54qqd0@esprit.com,N,A
qpjqa9yc@esprit.com,A,A
b2khd9vs@esprit.com,N,N
gv7awhr1@esprit.com,N,N
842b95az@esprit.com,A,A
ka1c9df5@esprit.com,N,N
7r71n7ev@esprit.com,A,A
u4tyz8xi@esprit.com,A,A
4629riyw@esprit.com,N,N
6z6t6cj6@esprit.com,A,N
mbyrzlw4@esprit.com,A,A
fjis0dkw@esprit.com,A,N
xyd5gv7y@esprit.com,N,N
d1n4b7pu@esprit.com,N,A
jbb86nhm@esprit.com,N,N
ifo30hfr@esprit.com,A,A
bshft7mj@esprit.com,A,A
awilv3ym@esprit.com,N,N
a4b9oevu@esprit.com,A,A
i035sobt@esprit.com,N,N
clvug31p@esprit.com,N,N
x3lpqbti@esprit.com,N,N
61rgp26f@esprit.com,A,A
